{
    "wallet\\4148rvKUkNL._AC_UL320_.jpg": {
        "material_type": "Leather",
        "color": "Burgundy and Cream",
        "type_of_wallet": "Bi-fold",
        "brand": "Urban Forest",
        "pattern": "Solid with contrasting stripe"
    },
    "wallet\\410UxN340fL._AC_UL320_.jpg": {
        "material_type": "Leather",
        "color": "Dark Green",
        "type_of_wallet": "Bifold",
        "brand": "London Alley",
        "pattern": "Stag"
    },
    "wallet\\417zM0MUvwL._AC_UL320_.jpg": {
        "material_type": "Aluminum",
        "color": "Grey",
        "type_of_wallet": "Card Holder",
        "brand": "Generic",
        "pattern": "Solid"
    },
    "wallet\\41h4+BwJ0KL._AC_UL320_ (1).jpg": {
        "material_type": "Leather",
        "color": "Black",
        "type_of_wallet": "Bifold",
        "brand": "Tommy Hilfiger",
        "pattern": "Solid with stripes"
    },
    "wallet\\31qEsLFuubL._AC_UL320_.jpg": {
        "material_type": "Leather",
        "color": "Burgundy",
        "type_of_wallet": "Bi-fold",
        "brand": "Urban Forest",
        "pattern": "Solid"
    },
    "wallet\\41h4+BwJ0KL._AC_UL320_ (2).jpg": {
        "material_type": "leather",
        "color": "black",
        "type_of_wallet": "bifold",
        "brand": "Tommy Hilfiger",
        "pattern": "solid with stripes"
    },
    "wallet\\41h4+BwJ0KL._AC_UL320_.jpg": {
        "material_type": "Leather",
        "color": "Black",
        "type_of_wallet": "Bifold",
        "brand": "Tommy Hilfiger",
        "pattern": "Solid with stripes"
    },
    "wallet\\31IUa3WWjoL._AC_UL320_.jpg": {
        "material_type": "Leather",
        "color": "Olive Green",
        "type_of_wallet": "Bifold",
        "brand": "Eagle Crest",
        "pattern": "Horse"
    },
    "wallet\\41i8mXU0TaL._AC_UL320_.jpg": {
        "material_type": "leather",
        "color": "beige",
        "type_of_wallet": "tri-fold wallet",
        "brand": "Urban Forest",
        "pattern": "solid"
    },
    "wallet\\41Mun4ksUXL._AC_UL320_.jpg": {
        "material_type": "Leather",
        "color": "Brown",
        "type_of_wallet": "Bi-fold",
        "brand": "Hornbull",
        "pattern": "Textured"
    },
    "wallet\\41q7xj2N7vL._AC_UL640_QL65_.jpg": {
        "material_type": "leather",
        "color": "brown",
        "type_of_wallet": "bi-fold wallet",
        "brand": "AICA GIFTS",
        "pattern": "solid"
    },
    "wallet\\41JUinjQVcL._AC_SX322_CB1169409_QL70_.jpg": {
        "material_type": "leather",
        "color": "brown",
        "type_of_wallet": "bi-fold",
        "brand": "NIYAZU",
        "pattern": "solid"
    },
    "wallet\\41XEiL9Aa4L._AC_UL320_.jpg": {
        "material_type": "Leather",
        "color": "Green",
        "type_of_wallet": "Bifold",
        "brand": "Urban Forest",
        "pattern": "Pebbled"
    },
    "wallet\\41Tyu+5K5PL._AC_UL320_.jpg": {
        "material_type": "PU leather",
        "color": "green, blue, and light blue",
        "type_of_wallet": "zip-around wallet",
        "brand": "Forever Young",
        "pattern": "color-block"
    },
    "wallet\\412fGlcvHtL._AC_UL320_.jpg": {
        "material_type": "Leather",
        "color": "Black",
        "type_of_wallet": "Bi-fold",
        "brand": "Fastrack",
        "pattern": "Solid"
    },
    "wallet\\51+IjLbx64L._AC_UL320_.jpg": {
        "material_type": "leather",
        "color": "brown",
        "type_of_wallet": "bi-fold",
        "brand": "LONDON ALLEY",
        "pattern": "tiger"
    },
    "wallet\\41ZseAwta8L._AC_UL320_.jpg": {
        "material_type": "Leather",
        "color": "Brown",
        "type_of_wallet": "Bifold",
        "brand": "Urban Forest",
        "pattern": "Stag"
    },
    "wallet\\51+IjLbx64L._AC_UL320_ (1).jpg": {
        "material_type": "Leather",
        "color": "Brown",
        "type_of_wallet": "Bi-fold wallet",
        "brand": "London Alley",
        "pattern": "Tiger embossed"
    },
    "wallet\\41q7+K3UsvL._AC_UL320_.jpg": {
        "material_type": "Leather",
        "color": "Black",
        "type_of_wallet": "Bifold",
        "brand": "London Alley",
        "pattern": "Embossed Deer"
    },
    "wallet\\41yhB28DNaL._AC_UL320_.jpg": {
        "material_type": "Leather",
        "color": "Brown and Cream",
        "type_of_wallet": "Bifold Wallet",
        "brand": "Hornbull",
        "pattern": "Solid"
    },
    "wallet\\511whSg7dyL._AC_UL320_.jpg": {
        "material_type": "Faux Leather",
        "color": "Olive Green",
        "type_of_wallet": "Bifold",
        "brand": "Unbranded",
        "pattern": "Solid"
    },
    "wallet\\5144PjQwksL._AC_UL320_.jpg": {
        "material_type": "Leather",
        "color": "Brown",
        "type_of_wallet": "Bifold",
        "brand": "Unknown",
        "pattern": "Solid"
    },
    "wallet\\51+xzIP9FRL._AC_UL320_.jpg": {
        "material_type": "Synthetic Leather",
        "color": "Brown",
        "type_of_wallet": "Zip-Around Wallet",
        "brand": "Van Heusen",
        "pattern": "Textured"
    },
    "wallet\\514lxc8w3UL._AC_UL320_.jpg": {
        "material_type": "Leather",
        "color": "Brown",
        "type_of_wallet": "Bifold",
        "brand": "Unbranded",
        "pattern": "Solid"
    },
    "wallet\\51GTgtCCncL._AC_UL320_.jpg": {
        "material_type": "leather",
        "color": "black",
        "type_of_wallet": "bifold",
        "brand": "United Colors of Benetton",
        "pattern": "striped"
    },
    "wallet\\51Bv1N-h71L._AC_UL320_.jpg": {
        "material_type": "Leather",
        "color": "Black",
        "type_of_wallet": "Tri-fold",
        "brand": "WildHorn",
        "pattern": "Solid"
    },
    "wallet\\51hPR0gLfvL._AC_UL320_.jpg": {
        "material_type": "leather",
        "color": "blue",
        "type_of_wallet": "bi-fold",
        "brand": "United Colors of Benetton",
        "pattern": "solid"
    },
    "wallet\\51F8Z6AFdTL._AC_UL320_.jpg": {
        "material_type": "Faux Leather",
        "color": "Brown",
        "type_of_wallet": "Wallet Set",
        "brand": "Unbranded",
        "pattern": "Solid"
    },
    "wallet\\51D6PtuSI+L._AC_UL320_.jpg": {
        "material_type": "Leather",
        "color": "Black",
        "type_of_wallet": "Tri-fold",
        "brand": "Unbranded",
        "pattern": "Solid"
    },
    "wallet\\51kt5YG-ZpL._AC_UL320_.jpg": {
        "material_type": "leather",
        "color": "navy blue",
        "type_of_wallet": "bifold",
        "brand": "United Colors of Benetton",
        "pattern": "solid"
    },
    "wallet\\51kavsI0vyL._AC_UL320_.jpg": {
        "material_type": "PU leather",
        "color": "pink",
        "type_of_wallet": "trifold wallet",
        "brand": "unbranded",
        "pattern": "strawberry"
    },
    "wallet\\51iqEx1J7xL._AC_UL320_.jpg": {
        "material_type": "leather",
        "color": "navy blue",
        "type_of_wallet": "bifold",
        "brand": "Tommy Hilfiger",
        "pattern": "solid"
    },
    "wallet\\51S+2qpaX+L._AC_UL320_.jpg": {
        "material_type": "Leather",
        "color": "Green",
        "type_of_wallet": "Zip-around wallet",
        "brand": "Teakwood Leathers",
        "pattern": "Solid"
    },
    "wallet\\51P-Syoh01L._AC_UL320_.jpg": {
        "material_type": "Leather",
        "color": "Black and Tan",
        "type_of_wallet": "Bifold",
        "brand": "Tommy Hilfiger",
        "pattern": "Solid"
    },
    "wallet\\51vDf2Ah5iL._AC_UL320_.jpg": {
        "material_type": "Aluminum",
        "color": "Black",
        "type_of_wallet": "Card Holder",
        "brand": "Unbranded",
        "pattern": "Solid"
    },
    "wallet\\51t-BoGjf9L._AC_UL320_.jpg": {
        "material_type": "Leather",
        "color": "Black",
        "type_of_wallet": "Bi-fold wallet",
        "brand": "United Colors of Benetton",
        "pattern": "Solid"
    },
    "wallet\\613lgRpekHL._AC_UL320_.jpg": {
        "material_type": "Leather",
        "color": "Black",
        "type_of_wallet": "Bi-fold",
        "brand": "Tommy Hilfiger",
        "pattern": "Textured"
    },
    "wallet\\613n+r4OVxL._AC_UL320_.jpg": {
        "material_type": "Aluminum",
        "color": "Black",
        "type_of_wallet": "Card Holder",
        "brand": "Storite",
        "pattern": "Brushed"
    },
    "wallet\\614FUiwFS2L._AC_UL320_ (1).jpg": {
        "material_type": "leather",
        "color": "brown and cream",
        "type_of_wallet": "bifold wallet",
        "brand": "Hornbull",
        "pattern": "colorblock"
    },
    "wallet\\51vCOrERx0L._AC_UL320_.jpg": {
        "material_type": "Leather",
        "color": "Brown",
        "type_of_wallet": "Bifold",
        "brand": "Unbranded",
        "pattern": "Solid"
    },
    "wallet\\614FUiwFS2L._AC_UL320_.jpg": {
        "material_type": "Leather",
        "color": "Brown and Cream",
        "type_of_wallet": "Bifold",
        "brand": "Hornbull",
        "pattern": "Color-block"
    },
    "wallet\\616pcjLrxmL._AC_UL320_ (1).jpg": {
        "material_type": "PU Leather",
        "color": "Blue",
        "type_of_wallet": "Bifold Wallet",
        "brand": "Unbranded",
        "pattern": "Floral Embroidery"
    },
    "wallet\\615rYZ2qzSL._AC_SX322_CB1169409_QL70_.jpg": {
        "material_type": "Faux Leather",
        "color": "Brown",
        "type_of_wallet": "Bifold Wallet",
        "brand": "Unbranded",
        "pattern": "Solid"
    },
    "wallet\\614gprObRXL._AC_UL320_.jpg": {
        "material_type": "leather",
        "color": "dark brown",
        "type_of_wallet": "card holder",
        "brand": "unbranded",
        "pattern": "pebbled"
    },
    "wallet\\616pcjLrxmL._AC_UL320_.jpg": {
        "material_type": "PU Leather",
        "color": "Blue",
        "type_of_wallet": "Bifold Wallet",
        "brand": "Unbranded",
        "pattern": "Floral Embroidered"
    },
    "wallet\\616wmQLbL6L._AC_UL320_ (1).jpg": {
        "material_type": "Leather",
        "color": "Brown",
        "type_of_wallet": "Bi-fold",
        "brand": "United Colors of Benetton",
        "pattern": "Textured"
    },
    "wallet\\616PfQyuTjL._AC_UL320_.jpg": {
        "material_type": "Faux Leather",
        "color": "Black",
        "type_of_wallet": "Trifold Wallet",
        "brand": "Valerie",
        "pattern": "Leaf Pattern"
    },
    "wallet\\616wmQLbL6L._AC_UL320_.jpg": {
        "material_type": "Leather",
        "color": "Brown",
        "type_of_wallet": "Bi-fold",
        "brand": "United Colors of Benetton",
        "pattern": "Solid"
    },
    "wallet\\4167216YRFL._AC_SX322_CB1169409_QL70_.jpg": {
        "material_type": "Leather",
        "color": "Black",
        "type_of_wallet": "Bi-fold Wallet",
        "brand": "DEEPAK",
        "pattern": "Solid"
    },
    "wallet\\616PfQyuTjL._AC_UL320_ (1).jpg": {
        "material_type": "PU leather",
        "color": "Black",
        "type_of_wallet": "Trifold wallet",
        "brand": "Valerie",
        "pattern": "Leaf pattern"
    },
    "wallet\\617fzNgxFUL._AC_UL320_ (1).jpg": {
        "material_type": "Metal",
        "color": "Black and Blue",
        "type_of_wallet": "Minimalist Wallet",
        "brand": "Spigen",
        "pattern": "Brushed"
    },
    "wallet\\41HociBgTZL._AC_SX322_CB1169409_QL70_.jpg": {
        "material_type": "leather",
        "color": "dark brown",
        "type_of_wallet": "bi-fold",
        "brand": "THE MAN MARK",
        "pattern": "solid"
    },
    "wallet\\617fzNgxFUL._AC_UL320_.jpg": {
        "material_type": "Metal",
        "color": "Black and Blue",
        "type_of_wallet": "Minimalist Card Holder",
        "brand": "Spigen",
        "pattern": "Brushed"
    },
    "wallet\\619NcnxAbFL._AC_UL320_.jpg": {
        "material_type": "Carbon Fiber",
        "color": "Black",
        "type_of_wallet": "Minimalist Wallet",
        "brand": "Unbranded",
        "pattern": "Carbon Fiber Weave"
    },
    "wallet\\61BTXVwzbEL._AC_UL320_.jpg": {
        "material_type": "Leather",
        "color": "Brown",
        "type_of_wallet": "Bifold Wallet",
        "brand": "Contacts",
        "pattern": "Solid"
    },
    "wallet\\61BygHH-M2L._AC_UL320_.jpg": {
        "material_type": "Leather",
        "color": "Black and Brown",
        "type_of_wallet": "Bifold",
        "brand": "Hornbull",
        "pattern": "Pebbled"
    },
    "wallet\\61FzOumAuNL._AC_UL320_.jpg": {
        "material_type": "Synthetic Leather",
        "color": "Blue and Grey",
        "type_of_wallet": "Bi-fold Wallet",
        "brand": "Lavie",
        "pattern": "Abstract"
    },
    "wallet\\61ER2gTqpoL._AC_UL320_.jpg": {
        "material_type": "Canvas",
        "color": "Multicolor",
        "type_of_wallet": "Bifold",
        "brand": "CR7",
        "pattern": "Graphic Print"
    },
    "wallet\\61GOxf69MIL._AC_UL320_.jpg": {
        "material_type": "Leather",
        "color": "Brown",
        "type_of_wallet": "Bifold",
        "brand": "Tommy Hilfiger",
        "pattern": "Textured"
    },
    "wallet\\61g8WfWGs2L._AC_UL320_.jpg": {
        "material_type": "Leather",
        "color": "Olive Green",
        "type_of_wallet": "Bi-fold",
        "brand": "Unbranded",
        "pattern": "Solid"
    },
    "wallet\\61jACgyCBmL._AC_UL320_ (1).jpg": {
        "material_type": "Leather",
        "color": "Black",
        "type_of_wallet": "Bifold",
        "brand": "NAPA HIDE",
        "pattern": "Solid"
    },
    "wallet\\61Jv+fVMFvL._AC_UL320_ (1).jpg": {
        "material_type": "Leather",
        "color": "Brown",
        "type_of_wallet": "Bifold",
        "brand": "WildHorn",
        "pattern": "Solid"
    },
    "wallet\\51kavsI0vyL._AC_UL320_ (1).jpg": {
        "material_type": "PU Leather",
        "color": "Pink",
        "type_of_wallet": "Trifold Wallet",
        "brand": "Unknown",
        "pattern": "Strawberry"
    },
    "wallet\\61EH8TdK8iL._AC_UL320_.jpg": {
        "material_type": "Leather",
        "color": "Brown",
        "type_of_wallet": "Chain Wallet",
        "brand": "Contact's",
        "pattern": "Union Jack"
    },
    "wallet\\61Jv+fVMFvL._AC_UL320_.jpg": {
        "material_type": "Leather",
        "color": "Brown",
        "type_of_wallet": "Bifold",
        "brand": "WildHorn",
        "pattern": "Solid"
    },
    "wallet\\61jACgyCBmL._AC_UL320_.jpg": {
        "material_type": "Leather",
        "color": "Black",
        "type_of_wallet": "Bifold",
        "brand": "NAPA HIDE",
        "pattern": "Solid"
    },
    "wallet\\61kR+ubZwEL._AC_UL320_.jpg": {
        "material_type": "leather",
        "color": "blue",
        "type_of_wallet": "bifold",
        "brand": "London Alley",
        "pattern": "solid"
    },
    "wallet\\61nyG+nI1aL._AC_UL320_.jpg": {
        "material_type": "synthetic leather",
        "color": "pink",
        "type_of_wallet": "zip-around wallet",
        "brand": "Lavie",
        "pattern": "quilted"
    },
    "wallet\\61o1fFH8+SL._AC_UL320_.jpg": {
        "material_type": "Leather",
        "color": "Brown",
        "type_of_wallet": "Bifold",
        "brand": "WILDHORN",
        "pattern": "Solid"
    },
    "wallet\\51yRBKWRHAL._AC_SX322_CB1169409_QL70_.jpg": {
        "material_type": "Leather",
        "color": "Navy Blue and Orange",
        "type_of_wallet": "Bi-fold",
        "brand": "THE MAN MARK",
        "pattern": "Solid with Stripe"
    },
    "wallet\\61OZ-nwNcmL._AC_SX322_CB1169409_QL70_.jpg": {
        "material_type": "Faux Leather",
        "color": "Brown",
        "type_of_wallet": "Bifold",
        "brand": "Unbranded",
        "pattern": "Solid with Horse Charm"
    },
    "wallet\\61NzmZKiNTL._AC_UL320_.jpg": {
        "material_type": "Leather",
        "color": "Blue",
        "type_of_wallet": "Bifold",
        "brand": "Wildhorn",
        "pattern": "Solid"
    },
    "wallet\\61ppMRRbe9L._AC_UL320_ (2).jpg": {
        "material_type": "Synthetic Leather",
        "color": "Pink",
        "type_of_wallet": "Tri-fold Wallet",
        "brand": "Unknown",
        "pattern": "Floral and Cat"
    },
    "wallet\\61ppMRRbe9L._AC_UL320_ (1).jpg": {
        "material_type": "Synthetic Leather",
        "color": "Pink",
        "type_of_wallet": "Tri-fold Wallet",
        "brand": "Generic",
        "pattern": "Floral and Cat"
    },
    "wallet\\61rc3mEZQEL._AC_UL320_.jpg": {
        "material_type": "Leather",
        "color": "Grey",
        "type_of_wallet": "Bi-fold",
        "brand": "United Colors of Benetton",
        "pattern": "Textured"
    },
    "wallet\\618kSnx5+GL._AC_UL320_.jpg": {
        "material_type": "Leather",
        "color": "Tan",
        "type_of_wallet": "Bifold",
        "brand": "Unbranded",
        "pattern": "Solid"
    },
    "wallet\\61ppMRRbe9L._AC_UL320_.jpg": {
        "material_type": "Synthetic Leather",
        "color": "Pink",
        "type_of_wallet": "Tri-fold Wallet",
        "brand": "Unbranded",
        "pattern": "Floral and Cat"
    },
    "wallet\\61SRGJ2KTiL._AC_UL320_.jpg": {
        "material_type": "Synthetic Leather",
        "color": "Tan",
        "type_of_wallet": "Bifold Wallet",
        "brand": "Unbranded",
        "pattern": "Graphic Print"
    },
    "wallet\\61tGta6v2RL._AC_UL320_ (1).jpg": {
        "material_type": "Leather",
        "color": "Dark Grey",
        "type_of_wallet": "Card Holder",
        "brand": "BLACKTHORNE",
        "pattern": "Solid"
    },
    "wallet\\61tGta6v2RL._AC_UL320_.jpg": {
        "material_type": "Leather",
        "color": "Dark Grey",
        "type_of_wallet": "Card Holder",
        "brand": "Blackthorne",
        "pattern": "Solid"
    },
    "wallet\\61X1TgotWqL._AC_UL320_.jpg": {
        "material_type": "leather",
        "color": "brown",
        "type_of_wallet": "card holder",
        "brand": "Vulkit",
        "pattern": "solid"
    },
    "wallet\\61g8WfWGs2L._AC_UL320_ (1).jpg": {
        "material_type": "Leather",
        "color": "Olive Green",
        "type_of_wallet": "Bifold",
        "brand": "Unbranded",
        "pattern": "Solid"
    },
    "wallet\\61XnzBtskIL._AC_UL320_.jpg": {
        "material_type": "Nylon",
        "color": "Black",
        "type_of_wallet": "Zip-around wallet",
        "brand": "Daily Objects",
        "pattern": "Solid"
    },
    "wallet\\61XIY-W5POL._AC_UL320_ (1).jpg": {
        "material_type": "Synthetic Leather",
        "color": "White and Brown",
        "type_of_wallet": "Zip-around Wallet",
        "brand": "Lavie",
        "pattern": "Geometric Pattern"
    },
    "wallet\\61XIY-W5POL._AC_UL320_.jpg": {
        "material_type": "Synthetic Leather",
        "color": "White and Brown",
        "type_of_wallet": "Zip-around Wallet",
        "brand": "Lavie",
        "pattern": "Geometric Pattern"
    },
    "wallet\\61xf1UiFIYL._AC_UL320_.jpg": {
        "material_type": "Synthetic Leather",
        "color": "Pink",
        "type_of_wallet": "Clutch Wallet",
        "brand": "Inovera",
        "pattern": "Solid"
    },
    "wallet\\61XVqHyOh4L._AC_UL320_.jpg": {
        "material_type": "carbon fiber",
        "color": "black",
        "type_of_wallet": "card holder",
        "brand": "unbranded",
        "pattern": "carbon fiber weave"
    },
    "wallet\\61Y2eoUhz8L._AC_UL320_ (1).jpg": {
        "material_type": "leather",
        "color": "black",
        "type_of_wallet": "long wallet",
        "brand": "Elios",
        "pattern": "solid"
    },
    "wallet\\61Y2eoUhz8L._AC_UL320_.jpg": {
        "material_type": "Leather",
        "color": "Black",
        "type_of_wallet": "Long Wallet",
        "brand": "Elios",
        "pattern": "Solid"
    },
    "wallet\\61kizO6X36L._AC_UL320_.jpg": {
        "material_type": "Faux Leather",
        "color": "Off-white and Brown",
        "type_of_wallet": "Bifold Wallet",
        "brand": "Unknown",
        "pattern": "Color-block"
    },
    "wallet\\61zGEyao2EL._AC_UL320_.jpg": {
        "material_type": "Leather",
        "color": "Brown",
        "type_of_wallet": "Slim Bifold Wallet",
        "brand": "Unbranded",
        "pattern": "Solid"
    },
    "wallet\\61M3U6q0dPL._AC_UL320_.jpg": {
        "material_type": "Leather",
        "color": "Brown",
        "type_of_wallet": "Bifold Wallet",
        "brand": "Contacts",
        "pattern": "Solid"
    },
    "wallet\\71-gt8L5eZL._AC_UL320_ (1).jpg": {
        "material_type": "Leather",
        "color": "Burgundy",
        "type_of_wallet": "Bifold",
        "brand": "Hammonds Flycatcher",
        "pattern": "Crocodile"
    },
    "wallet\\71-KTPI7oAL._AC_UL320_ (1).jpg": {
        "material_type": "Leather",
        "color": "Black",
        "type_of_wallet": "Bifold",
        "brand": "Police",
        "pattern": "Geometric"
    },
    "wallet\\61PP86KpeQS._AC_UL320_.jpg": {
        "material_type": "Leather",
        "color": "Navy Blue",
        "type_of_wallet": "Bifold Wallet",
        "brand": "Police",
        "pattern": "Solid with embossed design"
    },
    "wallet\\71-KTPI7oAL._AC_UL320_.jpg": {
        "material_type": "Leather",
        "color": "Black",
        "type_of_wallet": "Bi-fold",
        "brand": "Police",
        "pattern": "Textured geometric"
    },
    "wallet\\71-W1+JOKVL._AC_UL320_.jpg": {
        "material_type": "leather",
        "color": "olive green",
        "type_of_wallet": "bi-fold",
        "brand": "WILDHORN",
        "pattern": "solid"
    },
    "wallet\\71-MuARLJgL._AC_UL320_ (1).jpg": {
        "material_type": "Leather",
        "color": "Teal",
        "type_of_wallet": "Card Holder Wallet",
        "brand": "Unbranded",
        "pattern": "Solid with distressed texture"
    },
    "wallet\\71-gt8L5eZL._AC_UL320_.jpg": {
        "material_type": "Leather",
        "color": "Burgundy",
        "type_of_wallet": "Bifold",
        "brand": "Hammonds Flycatcher",
        "pattern": "Crocodile"
    },
    "wallet\\71+qETK0myL._AC_UL320_.jpg": {
        "material_type": "Leather",
        "color": "Black",
        "type_of_wallet": "Bifold",
        "brand": "Tommy Hilfiger",
        "pattern": "Pebbled"
    },
    "wallet\\7115brCR6yL._AC_UL320_.jpg": {
        "material_type": "Leather",
        "color": "Green",
        "type_of_wallet": "Bifold",
        "brand": "Rigohill",
        "pattern": "Solid"
    },
    "wallet\\7106QtzmK9L._AC_UL320_.jpg": {
        "material_type": "leather",
        "color": "brown",
        "type_of_wallet": "trifold",
        "brand": "Tommy Hilfiger",
        "pattern": "solid"
    },
    "wallet\\712Lx0k+UXL._AC_UL320_.jpg": {
        "material_type": "Leather",
        "color": "Green",
        "type_of_wallet": "Bi-fold",
        "brand": "Wildhorn",
        "pattern": "Solid"
    },
    "wallet\\718135uc-PL._AC_UL320_.jpg": {
        "material_type": "leather",
        "color": "green",
        "type_of_wallet": "bifold",
        "brand": "Contacts",
        "pattern": "solid"
    },
    "wallet\\71-MuARLJgL._AC_UL320_.jpg": {
        "material_type": "Leather",
        "color": "Teal",
        "type_of_wallet": "Accordion Wallet",
        "brand": "Unknown",
        "pattern": "Solid"
    },
    "wallet\\712auWZbXVL._AC_UL320_.jpg": {
        "material_type": "Leather",
        "color": "Grey",
        "type_of_wallet": "Minimalist Wallet",
        "brand": "Unbranded",
        "pattern": "Textured"
    },
    "wallet\\715f-R-uA3L._AC_UL320_.jpg": {
        "material_type": "Leather",
        "color": "Green",
        "type_of_wallet": "Bifold",
        "brand": "Wildhorn",
        "pattern": "Solid"
    },
    "wallet\\71b+-TJtVKL._AC_UL320_.jpg": {
        "material_type": "Leather",
        "color": "Blue",
        "type_of_wallet": "Bi-fold",
        "brand": "Hammonds Flycatcher",
        "pattern": "Crocodile"
    },
    "wallet\\71Ar0RdhqRL._AC_UL320_.jpg": {
        "material_type": "Leather",
        "color": "Dark Brown",
        "type_of_wallet": "Bifold Wallet",
        "brand": "Rigohill",
        "pattern": "Solid"
    },
    "wallet\\71BftlXGCeL._AC_UL320_.jpg": {
        "material_type": "Leather",
        "color": "Brown",
        "type_of_wallet": "Bifold",
        "brand": "Wildhorn",
        "pattern": "Solid"
    },
    "wallet\\71bXfGEwLJL._AC_UL320_.jpg": {
        "material_type": "Tyvek",
        "color": "Teal",
        "type_of_wallet": "Bifold",
        "brand": "Dynomighty",
        "pattern": "Graphic Collage"
    },
    "wallet\\712auWZbXVL._AC_UL320_ (1).jpg": {
        "material_type": "Leather",
        "color": "Grey",
        "type_of_wallet": "Money Wrap Wallet",
        "brand": "Unbranded",
        "pattern": "Textured"
    },
    "wallet\\71FfcHQ0shL._AC_SX322_CB1169409_QL70_.jpg": {
        "material_type": "Leather",
        "color": "Black",
        "type_of_wallet": "Bifold",
        "brand": "THE MAN MARK",
        "pattern": "Solid"
    },
    "wallet\\71ewvwEBNFL._AC_UL320_.jpg": {
        "material_type": "Leather",
        "color": "Green",
        "type_of_wallet": "Bi-fold Wallet",
        "brand": "Hammonds Flycatcher",
        "pattern": "Pebbled"
    },
    "wallet\\71AotO3o75L._AC_UL320_.jpg": {
        "material_type": "leather",
        "color": "brown",
        "type_of_wallet": "bifold",
        "brand": "WildHorn",
        "pattern": "solid"
    },
    "wallet\\71Fcnme8aqL._AC_UL320_.jpg": {
        "material_type": "Leather",
        "color": "Brown",
        "type_of_wallet": "Bifold Wallet",
        "brand": "Hammonds Flycatcher",
        "pattern": "Textured"
    },
    "wallet\\71dLLitkShL._AC_UL320_.jpg": {
        "material_type": "leather",
        "color": "green",
        "type_of_wallet": "bi-fold",
        "brand": "RICH INDIA",
        "pattern": "solid"
    },
    "wallet\\71G2JXmmPwL._AC_UL320_ (1).jpg": {
        "material_type": "Leather",
        "color": "Dark Brown",
        "type_of_wallet": "Bifold Wallet",
        "brand": "CONTACTS",
        "pattern": "Solid"
    },
    "wallet\\71FIcSLlbxL._AC_UL320_.jpg": {
        "material_type": "Canvas",
        "color": "Black",
        "type_of_wallet": "Bifold",
        "brand": "Bellblock",
        "pattern": "Solid"
    },
    "wallet\\71G2JXmmPwL._AC_UL320_.jpg": {
        "material_type": "Leather",
        "color": "Dark Brown",
        "type_of_wallet": "Bifold Wallet",
        "brand": "Contact's",
        "pattern": "Solid"
    },
    "wallet\\71FCg+GuGTL._AC_UL320_.jpg": {
        "material_type": "Leather",
        "color": "Brown",
        "type_of_wallet": "Bi-fold",
        "brand": "Hammonds Flycatcher",
        "pattern": "Solid"
    },
    "wallet\\71gTmhH91mL._AC_UL320_.jpg": {
        "material_type": "Synthetic Leather",
        "color": "Mustard Yellow",
        "type_of_wallet": "Clutch Wallet",
        "brand": "Mochi",
        "pattern": "Woven"
    },
    "wallet\\71hBCgAd2yL._AC_UL320_.jpg": {
        "material_type": "Leather",
        "color": "Brown",
        "type_of_wallet": "Bifold Wallet",
        "brand": "Unknown",
        "pattern": "Solid"
    },
    "wallet\\71hBCgAd2yL._AC_UL320_ (1).jpg": {
        "material_type": "Leather",
        "color": "Brown",
        "type_of_wallet": "Bifold Wallet",
        "brand": "Unknown",
        "pattern": "Solid"
    },
    "wallet\\71HC203ADYL._AC_UL320_.jpg": {
        "material_type": "Leather",
        "color": "Brown",
        "type_of_wallet": "Bi-fold",
        "brand": "American Eagle",
        "pattern": "Stitched Grid"
    },
    "wallet\\71jMpnqWHaL._AC_UL320_ (1).jpg": {
        "material_type": "Leather",
        "color": "Black",
        "type_of_wallet": "Card Holder",
        "brand": "Urban Forest",
        "pattern": "Solid"
    },
    "wallet\\71gTmhH91mL._AC_UL320_ (1).jpg": {
        "material_type": "Synthetic Leather",
        "color": "Mustard Yellow",
        "type_of_wallet": "Clutch Wallet",
        "brand": "Mochi",
        "pattern": "Woven"
    },
    "wallet\\71jMpnqWHaL._AC_UL320_.jpg": {
        "material_type": "Leather",
        "color": "Black",
        "type_of_wallet": "Card Holder",
        "brand": "Urban Forest",
        "pattern": "Solid"
    },
    "wallet\\71Jq0EakDvL._AC_UL320_.jpg": {
        "material_type": "Leather",
        "color": "Dark Brown",
        "type_of_wallet": "Bifold Wallet",
        "brand": "CONTACTS",
        "pattern": "Solid"
    },
    "wallet\\71jCRAMYlRL._AC_UL320_.jpg": {
        "material_type": "leather",
        "color": "black",
        "type_of_wallet": "bi-fold",
        "brand": "Urban Forest",
        "pattern": "solid"
    },
    "wallet\\71hq9HSknbL._AC_UL320_.jpg": {
        "material_type": "Synthetic Leather",
        "color": "Black",
        "type_of_wallet": "Clutch Wallet",
        "brand": "Lavie",
        "pattern": "Snakeskin"
    },
    "wallet\\71jzSkIHvuL._AC_UL320_.jpg": {
        "material_type": "Leather",
        "color": "Burgundy",
        "type_of_wallet": "Zip-around wallet",
        "brand": "Hidesign",
        "pattern": "Snakeskin embossed"
    },
    "wallet\\71Jq0EakDvL._AC_UL320_ (2).jpg": {
        "material_type": "Leather",
        "color": "Dark Brown",
        "type_of_wallet": "Bifold Wallet",
        "brand": "CONTACTS",
        "pattern": "Solid"
    },
    "wallet\\71Jq0EakDvL._AC_UL320_ (1).jpg": {
        "material_type": "Leather",
        "color": "Dark Brown",
        "type_of_wallet": "Bifold Wallet",
        "brand": "CONTACTS",
        "pattern": "Solid"
    },
    "wallet\\71Kbkbeqy-L._AC_UL320_.jpg": {
        "material_type": "leather",
        "color": "black",
        "type_of_wallet": "trifold",
        "brand": "Dante",
        "pattern": "solid"
    },
    "wallet\\71Lt5+odGbL._AC_UL320_.jpg": {
        "material_type": "Leather",
        "color": "Brown",
        "type_of_wallet": "Bifold",
        "brand": "WILDHORN",
        "pattern": "Solid"
    },
    "wallet\\71kfqDpARhL._AC_UL320_.jpg": {
        "material_type": "leather",
        "color": "dark brown",
        "type_of_wallet": "pouch wallet",
        "brand": "unbranded",
        "pattern": "solid"
    },
    "wallet\\71MdRc87yfL._AC_UL320_.jpg": {
        "material_type": "Leather",
        "color": "Beige",
        "type_of_wallet": "Bi-fold wallet",
        "brand": "WILDHORN",
        "pattern": "Solid"
    },
    "wallet\\71mCXsBpUIL._AC_UL320_.jpg": {
        "material_type": "Leather",
        "color": "Brown",
        "type_of_wallet": "Card Holder",
        "brand": "Unbranded",
        "pattern": "Solid"
    },
    "wallet\\71loPzFI3KL._AC_UL320_.jpg": {
        "material_type": "Leather",
        "color": "Black",
        "type_of_wallet": "Bifold Wallet",
        "brand": "Police",
        "pattern": "Solid"
    },
    "wallet\\71mCXsBpUIL._AC_UL320_ (1).jpg": {
        "material_type": "Leather",
        "color": "Brown",
        "type_of_wallet": "Minimalist Card Holder",
        "brand": "Unbranded",
        "pattern": "Solid"
    },
    "wallet\\71N8UZrtXZL._AC_UL320_ (1).jpg": {
        "material_type": "Leather",
        "color": "Brown",
        "type_of_wallet": "Bifold",
        "brand": "Bull Guard",
        "pattern": "Solid"
    },
    "wallet\\71NdYRvIvEL._AC_UL320_.jpg": {
        "material_type": "Leather",
        "color": "Black",
        "type_of_wallet": "Bifold Wallet",
        "brand": "Storite",
        "pattern": "Solid"
    },
    "wallet\\71jQ9zsVrzL._AC_UL320_.jpg": {
        "material_type": "leather",
        "color": "dark brown",
        "type_of_wallet": "money clip wallet",
        "brand": "unbranded",
        "pattern": "solid"
    },
    "wallet\\71OfC3eNcVL._AC_UL320_ (1).jpg": {
        "material_type": "aluminum",
        "color": "black",
        "type_of_wallet": "card holder",
        "brand": "unbranded",
        "pattern": "solid"
    },
    "wallet\\71nxV-VGArL._AC_UL320_.jpg": {
        "material_type": "PU Leather",
        "color": "Pink",
        "type_of_wallet": "Bifold Wallet",
        "brand": "econice",
        "pattern": "Houndstooth"
    },
    "wallet\\71OfC3eNcVL._AC_UL320_.jpg": {
        "material_type": "Aluminum",
        "color": "Black",
        "type_of_wallet": "Card Holder",
        "brand": "Unknown",
        "pattern": "Solid"
    },
    "wallet\\71ORwMQoOsL._AC_UL320_.jpg": {
        "material_type": "Synthetic Leather",
        "color": "Olive",
        "type_of_wallet": "Crossbody Wallet",
        "brand": "Lavie",
        "pattern": "Monogram"
    },
    "wallet\\71G+8+ZV7eL._AC_UL320_.jpg": {
        "material_type": "Leather",
        "color": "Teal",
        "type_of_wallet": "Minimalist Wallet",
        "brand": "Unbranded",
        "pattern": "Textured"
    },
    "wallet\\71n23yzQ7YL._AC_UL320_.jpg": {
        "material_type": "Polyester",
        "color": "Grey",
        "type_of_wallet": "Bifold",
        "brand": "JThree",
        "pattern": "Graphic"
    },
    "wallet\\71OsbdqynPL._AC_UL320_.jpg": {
        "material_type": "Leather",
        "color": "Brown and Navy Blue",
        "type_of_wallet": "Bifold",
        "brand": "Tommy Hilfiger",
        "pattern": "Solid"
    },
    "wallet\\71QWf6Jj8yL._AC_UL320_.jpg": {
        "material_type": "leather",
        "color": "olive green",
        "type_of_wallet": "bifold",
        "brand": "WILDHORN",
        "pattern": "solid"
    },
    "wallet\\61NmjSyLIQL._AC_UL320_.jpg": {
        "material_type": "Synthetic Leather",
        "color": "Brown/Pink",
        "type_of_wallet": "Bifold Wallet",
        "brand": "Mia K. Collection",
        "pattern": "Monogram"
    },
    "wallet\\71pH7gwA1kL._AC_UL320_.jpg": {
        "material_type": "Leather",
        "color": "Brown",
        "type_of_wallet": "Bifold",
        "brand": "Wildhorn",
        "pattern": "Solid"
    },
    "wallet\\71RuYS8YjgL._AC_UL320_.jpg": {
        "material_type": "leather",
        "color": "black",
        "type_of_wallet": "long wallet",
        "brand": "unbranded",
        "pattern": "pebbled"
    },
    "wallet\\71N8UZrtXZL._AC_UL320_.jpg": {
        "material_type": "Leather",
        "color": "Brown",
        "type_of_wallet": "Bifold",
        "brand": "Bull Guard",
        "pattern": "Solid"
    },
    "wallet\\71s1aqt4-TL._AC_UL320_ (1).jpg": {
        "material_type": "Leather",
        "color": "Brown",
        "type_of_wallet": "Card holder",
        "brand": "Unbranded",
        "pattern": "Solid"
    },
    "wallet\\71OLMXkCJ6L._AC_UL320_.jpg": {
        "material_type": "Leather",
        "color": "Teal",
        "type_of_wallet": "Bifold",
        "brand": "Wildhorn",
        "pattern": "Solid"
    },
    "wallet\\71RVNu157uL._AC_UL320_.jpg": {
        "material_type": "leather",
        "color": "black",
        "type_of_wallet": "bi-fold wallet",
        "brand": "Fastrack",
        "pattern": "solid"
    },
    "wallet\\71S0+Q8rjAL._AC_UL320_.jpg": {
        "material_type": "Leather",
        "color": "Black",
        "type_of_wallet": "Long Wallet",
        "brand": "Unbranded",
        "pattern": "Solid"
    },
    "wallet\\71s3qFUnZWL._AC_UL320_.jpg": {
        "material_type": "leather",
        "color": "brown",
        "type_of_wallet": "bifold",
        "brand": "Victorinox",
        "pattern": "solid"
    },
    "wallet\\71rb8sNePfL._AC_UL320_.jpg": {
        "material_type": "Leather",
        "color": "Black",
        "type_of_wallet": "Bi-fold",
        "brand": "Cross",
        "pattern": "Solid"
    },
    "wallet\\71VfmbxWSiL._AC_UL320_.jpg": {
        "material_type": "Leather",
        "color": "Olive Green",
        "type_of_wallet": "Card Holder",
        "brand": "Unknown",
        "pattern": "Solid"
    },
    "wallet\\71Ut6eC9BVS._AC_UL320_ (1).jpg": {
        "material_type": "Faux Leather",
        "color": "Teal",
        "type_of_wallet": "Card Holder",
        "brand": "Funk For Hire",
        "pattern": "Printed"
    },
    "wallet\\71Ut6eC9BVS._AC_UL320_.jpg": {
        "material_type": "Faux Leather",
        "color": "Teal",
        "type_of_wallet": "Bi-fold Wallet",
        "brand": "Funk For Hire",
        "pattern": "Printed Graphic"
    },
    "wallet\\71s1aqt4-TL._AC_UL320_.jpg": {
        "material_type": "Leather",
        "color": "Dark Brown",
        "type_of_wallet": "Accordion Card Holder",
        "brand": "Unbranded",
        "pattern": "Solid"
    },
    "wallet\\71wOxmoqfPL._AC_UL320_.jpg": {
        "material_type": "leather",
        "color": "brown",
        "type_of_wallet": "bi-fold",
        "brand": "Swiss Eagle",
        "pattern": "solid"
    },
    "wallet\\71VfmbxWSiL._AC_UL320_ (1).jpg": {
        "material_type": "Leather",
        "color": "Olive Green",
        "type_of_wallet": "Card Holder",
        "brand": "Unknown",
        "pattern": "Solid"
    },
    "wallet\\71vMT5JjwJL._AC_UL320_ (1).jpg": {
        "material_type": "Nylon",
        "color": "Black",
        "type_of_wallet": "Bifold",
        "brand": "Daily Objects",
        "pattern": "Solid"
    },
    "wallet\\71X65t0LheL._AC_UL320_.jpg": {
        "material_type": "Stainless Steel",
        "color": "Silver",
        "type_of_wallet": "Card Holder",
        "brand": "OFIXO",
        "pattern": "Solid"
    },
    "wallet\\71xwh9MnJvL._AC_UL320_.jpg": {
        "material_type": "Leather",
        "color": "Dark Grey",
        "type_of_wallet": "Bifold Wallet",
        "brand": "Camelio",
        "pattern": "Pebbled"
    },
    "wallet\\71rZc4w4PML._AC_UL320_.jpg": {
        "material_type": "Leather",
        "color": "Blue",
        "type_of_wallet": "Bifold",
        "brand": "Hammonds Flycatcher",
        "pattern": "Solid"
    },
    "wallet\\71XKK8TfEnL._AC_UL320_.jpg": {
        "material_type": "Leather",
        "color": "Brown",
        "type_of_wallet": "Slim Bifold Wallet",
        "brand": "Serman Brands",
        "pattern": "Solid"
    },
    "wallet\\71vMT5JjwJL._AC_UL320_.jpg": {
        "material_type": "Fabric",
        "color": "Black",
        "type_of_wallet": "Bi-fold",
        "brand": "Daily Objects",
        "pattern": "Solid"
    },
    "wallet\\81-LjInwmFL._AC_UL320_.jpg": {
        "material_type": "Leather",
        "color": "Brown",
        "type_of_wallet": "Bifold",
        "brand": "WildHorn",
        "pattern": "Solid"
    },
    "wallet\\8137Jay3ftL._AC_UL320_.jpg": {
        "material_type": "Leather",
        "color": "Black",
        "type_of_wallet": "Bifold",
        "brand": "Sweeon",
        "pattern": "Solid"
    },
    "wallet\\71YKz480R6L._AC_UL320_.jpg": {
        "material_type": "leather",
        "color": "brown",
        "type_of_wallet": "bifold wallet",
        "brand": "Spiffy",
        "pattern": "solid"
    },
    "wallet\\817NNxNU5EL._AC_UL320_.jpg": {
        "material_type": "PU Leather",
        "color": "Grey",
        "type_of_wallet": "Bifold Wallet",
        "brand": "STORITE",
        "pattern": "Solid"
    },
    "wallet\\71z9rsM-xVL._AC_UL320_.jpg": {
        "material_type": "Leather",
        "color": "Navy Blue",
        "type_of_wallet": "Bifold",
        "brand": "Tommy Hilfiger",
        "pattern": "Solid with stripe"
    },
    "wallet\\71xKyUSdXfL._AC_UL320_.jpg": {
        "material_type": "Leather",
        "color": "Green",
        "type_of_wallet": "Bifold wallet",
        "brand": "Hammonds Flycatcher",
        "pattern": "Solid"
    },
    "wallet\\81+VdpUU3ZL._AC_UL320_.jpg": {
        "material_type": "leather",
        "color": "brown",
        "type_of_wallet": "bifold wallet",
        "brand": "Hammonds Flycatcher",
        "pattern": "solid"
    },
    "wallet\\81AZ8q7CHuL._AC_UL320_.jpg": {
        "material_type": "Leather",
        "color": "Black",
        "type_of_wallet": "Bifold wallet",
        "brand": "Freeland",
        "pattern": "Pebbled"
    },
    "wallet\\816lFYRqnZL._AC_UL320_.jpg": {
        "material_type": "Leather",
        "color": "Black",
        "type_of_wallet": "Bifold",
        "brand": "WildHorn",
        "pattern": "Solid"
    },
    "wallet\\812z3bNw6OL._AC_UL320_.jpg": {
        "material_type": "Leather",
        "color": "Blue and Black",
        "type_of_wallet": "Bifold",
        "brand": "Tommy Hilfiger",
        "pattern": "Color-block"
    },
    "wallet\\81bfPkUiu+L._AC_UL320_.jpg": {
        "material_type": "Leather",
        "color": "Brown",
        "type_of_wallet": "Travel Wallet",
        "brand": "rts",
        "pattern": "Solid"
    },
    "wallet\\81fcmWf8gNL._AC_UL320_.jpg": {
        "material_type": "Leather",
        "color": "Brown",
        "type_of_wallet": "Card Holder",
        "brand": "Vulkit",
        "pattern": "Solid"
    },
    "wallet\\71TPFlJ5FjL._AC_UL320_.jpg": {
        "material_type": "leather",
        "color": "brown",
        "type_of_wallet": "bifold",
        "brand": "Tommy Hilfiger",
        "pattern": "solid"
    },
    "wallet\\81Fm2UU2d3L._AC_UL320_.jpg": {
        "material_type": "Leather",
        "color": "Black",
        "type_of_wallet": "Bifold",
        "brand": "Cross",
        "pattern": "Solid"
    },
    "wallet\\81A8S-Mn-3L._AC_UL320_.jpg": {
        "material_type": "leather",
        "color": "brown",
        "type_of_wallet": "bifold",
        "brand": "FINELAER",
        "pattern": "solid"
    },
    "wallet\\81G0ZdqIYgL._AC_UL320_ (1).jpg": {
        "material_type": "Leather",
        "color": "Navy Blue and Lime Green",
        "type_of_wallet": "Bifold Wallet",
        "brand": "WildHorn",
        "pattern": "Solid"
    },
    "wallet\\81gZDkhHLWL._AC_UL320_.jpg": {
        "material_type": "Leather",
        "color": "Dark Green",
        "type_of_wallet": "Bi-fold Wallet",
        "brand": "Wildhorn",
        "pattern": "Pebbled"
    },
    "wallet\\81hwmX0eDqL._AC_UL320_.jpg": {
        "material_type": "Saffiano Leather",
        "color": "Grey",
        "type_of_wallet": "Zip-around Wallet",
        "brand": "Storite",
        "pattern": "Cross-hatch"
    },
    "wallet\\81iaTcDASgL._AC_UL320_.jpg": {
        "material_type": "Leather",
        "color": "Maroon",
        "type_of_wallet": "Zip-around wallet",
        "brand": "Wildhorn",
        "pattern": "Pebbled"
    },
    "wallet\\81G0ZdqIYgL._AC_UL320_.jpg": {
        "material_type": "Leather",
        "color": "Navy Blue and Lime Green",
        "type_of_wallet": "Bifold Wallet",
        "brand": "WildHorn",
        "pattern": "Solid"
    },
    "wallet\\81JfBRVYHOL._AC_UL320_.jpg": {
        "material_type": "PU Leather",
        "color": "Off-white",
        "type_of_wallet": "Trifold Wallet",
        "brand": "Unbranded",
        "pattern": "Bear Print"
    },
    "wallet\\81FsaH6oe6L._AC_UL320_.jpg": {
        "material_type": "leather",
        "color": "teal",
        "type_of_wallet": "zip-around wallet",
        "brand": "Wildhorn",
        "pattern": "solid"
    },
    "wallet\\81JB1sFx1JL._AC_UL320_.jpg": {
        "material_type": "Leather",
        "color": "Brown",
        "type_of_wallet": "Zip-around wallet",
        "brand": "Storite",
        "pattern": "Solid"
    },
    "wallet\\81BcYEPKnEL._AC_UL320_.jpg": {
        "material_type": "Leather",
        "color": "Brown",
        "type_of_wallet": "Card Holder",
        "brand": "Storite",
        "pattern": "Striped"
    },
    "wallet\\81JfBRVYHOL._AC_UL320_ (1).jpg": {
        "material_type": "PU leather",
        "color": "cream",
        "type_of_wallet": "trifold wallet",
        "brand": "unbranded",
        "pattern": "bear print"
    },
    "wallet\\81gZDkhHLWL._AC_UL320_ (1).jpg": {
        "material_type": "leather",
        "color": "dark green",
        "type_of_wallet": "compact wallet",
        "brand": "Wildhorn",
        "pattern": "pebbled"
    },
    "wallet\\81LD8Qbf6KL._AC_UL320_.jpg": {
        "material_type": "Leather",
        "color": "Burgundy",
        "type_of_wallet": "Bifold",
        "brand": "CONTACTS",
        "pattern": "Solid"
    },
    "wallet\\81LKhi1rdbL._AC_UL320_.jpg": {
        "material_type": "Leather",
        "color": "Black",
        "type_of_wallet": "Bifold",
        "brand": "WildHorn",
        "pattern": "Solid"
    },
    "wallet\\81mpzDNPQeL._AC_UL320_.jpg": {
        "material_type": "Synthetic Leather",
        "color": "Teal",
        "type_of_wallet": "Bi-fold Wallet",
        "brand": "Lavie",
        "pattern": "Saffiano"
    },
    "wallet\\81hjFNtCNyL._AC_UL320_.jpg": {
        "material_type": "Leather",
        "color": "Navy Blue",
        "type_of_wallet": "Bi-fold",
        "brand": "Urban Forest",
        "pattern": "Solid"
    },
    "wallet\\81kcfMw+sqS._AC_UL320_.jpg": {
        "material_type": "Leather",
        "color": "Brown",
        "type_of_wallet": "Bifold",
        "brand": "London Alley",
        "pattern": "Motorcycle"
    },
    "wallet\\81LD8Qbf6KL._AC_UL320_ (1).jpg": {
        "material_type": "Leather",
        "color": "Coffee",
        "type_of_wallet": "Bifold Wallet",
        "brand": "CONTACTS",
        "pattern": "Solid"
    },
    "wallet\\81MxE3KALnL._AC_UL320_ (1).jpg": {
        "material_type": "Leather",
        "color": "Blue",
        "type_of_wallet": "Bifold",
        "brand": "Unknown",
        "pattern": "Embossed Stag Head"
    },
    "wallet\\81jvF+KoQmL._AC_UL320_.jpg": {
        "material_type": "Synthetic",
        "color": "Beige",
        "type_of_wallet": "Clutch",
        "brand": "Paso",
        "pattern": "Crocodile"
    },
    "wallet\\81dux4Y9JVL._AC_UL320_.jpg": {
        "material_type": "Leather",
        "color": "Brown",
        "type_of_wallet": "Bifold",
        "brand": "WildHorn",
        "pattern": "Solid"
    },
    "wallet\\81P-uXxjT8L._AC_UL320_.jpg": {
        "material_type": "Leather",
        "color": "Grey",
        "type_of_wallet": "Bifold",
        "brand": "Rustic Town",
        "pattern": "Solid"
    },
    "wallet\\81pY-aktlsL._AC_UL320_.jpg": {
        "material_type": "Synthetic",
        "color": "Grey and Navy Blue",
        "type_of_wallet": "Bi-fold",
        "brand": "Vogard",
        "pattern": "Textured"
    },
    "wallet\\81JJACW4GtL._AC_UL320_.jpg": {
        "material_type": "Leather",
        "color": "Brown",
        "type_of_wallet": "Bifold",
        "brand": "JIANUO",
        "pattern": "Solid"
    },
    "wallet\\81luAUFg39L._AC_UL320_.jpg": {
        "material_type": "Leather",
        "color": "Dark Brown",
        "type_of_wallet": "Bifold",
        "brand": "Unknown",
        "pattern": "Pebbled"
    },
    "wallet\\81wdofEjlzL._AC_UL320_.jpg": {
        "material_type": "Synthetic Leather",
        "color": "Light Blue",
        "type_of_wallet": "Zip-around Wristlet Wallet",
        "brand": "Unknown",
        "pattern": "Floral and Bird"
    },
    "wallet\\81MxE3KALnL._AC_UL320_.jpg": {
        "material_type": "Leather",
        "color": "Navy Blue",
        "type_of_wallet": "Bifold",
        "brand": "Unbranded",
        "pattern": "Embossed Deer Head"
    },
    "wallet\\81xcHob1iUL._AC_UL320_ (1).jpg": {
        "material_type": "Leather",
        "color": "Dark Teal",
        "type_of_wallet": "Slim Card Holder",
        "brand": "Buffway",
        "pattern": "Pebbled"
    },
    "wallet\\81wYea1RFpL._AC_UL320_.jpg": {
        "material_type": "Leather",
        "color": "Burgundy",
        "type_of_wallet": "Bifold",
        "brand": "Urban Forest",
        "pattern": "Solid"
    },
    "wallet\\81r2tPt92ML._AC_UL320_.jpg": {
        "material_type": "leather",
        "color": "black",
        "type_of_wallet": "zip-around wallet",
        "brand": "unbranded",
        "pattern": "solid"
    },
    "wallet\\81xcHob1iUL._AC_UL320_.jpg": {
        "material_type": "Leather",
        "color": "Dark Green",
        "type_of_wallet": "Slim Card Holder",
        "brand": "Buffway",
        "pattern": "Pebbled"
    },
    "wallet\\81mUQWoIu5L._AC_UL320_.jpg": {
        "material_type": "Leather",
        "color": "Dark Brown",
        "type_of_wallet": "Bifold Wallet",
        "brand": "DAHSHA",
        "pattern": "Solid"
    },
    "wallet\\81XqL-mcltL._AC_UL320_.jpg": {
        "material_type": "Leather",
        "color": "Brown",
        "type_of_wallet": "Bifold",
        "brand": "Wildhorn",
        "pattern": "Solid"
    },
    "wallet\\81TJBYPWn3L._AC_UL320_.jpg": {
        "material_type": "Leather",
        "color": "Burgundy",
        "type_of_wallet": "Bi-fold",
        "brand": "Hammonds Flycatcher",
        "pattern": "Solid"
    },
    "wallet\\81YoqlFrarL._AC_UL320_.jpg": {
        "material_type": "Synthetic",
        "color": "Grey",
        "type_of_wallet": "Zip-around card holder",
        "brand": "Storite",
        "pattern": "Camouflage"
    },
    "wallet\\81Z4Bu4c4bL._AC_UL320_.jpg": {
        "material_type": "leather",
        "color": "dark brown",
        "type_of_wallet": "bifold",
        "brand": "unbranded",
        "pattern": "embossed eagle"
    },
    "wallet\\81xuxnbpF7L._AC_UL320_.jpg": {
        "material_type": "Patent Leather",
        "color": "Burgundy",
        "type_of_wallet": "Bifold Wallet",
        "brand": "Unknown",
        "pattern": "Crocodile"
    },
    "wallet\\81S0eeHzk1L._AC_UL320_.jpg": {
        "material_type": "leather",
        "color": "tan and black",
        "type_of_wallet": "bifold wallet",
        "brand": "WildHorn",
        "pattern": "colorblock"
    },
    "wallet\\917dji8nccL._AC_UL320_.jpg": {
        "material_type": "Leather",
        "color": "Black",
        "type_of_wallet": "Bifold",
        "brand": "Cross",
        "pattern": "Solid"
    },
    "wallet\\9171lIZXAPL._AC_UL320_.jpg": {
        "material_type": "Leather",
        "color": "Dark Green",
        "type_of_wallet": "Trifold Wallet",
        "brand": "Bullcaptain",
        "pattern": "Pebbled"
    },
    "wallet\\91FEeaR4XsL._AC_UL320_.jpg": {
        "material_type": "Leather",
        "color": "Brown",
        "type_of_wallet": "Bifold",
        "brand": "Coach",
        "pattern": "Solid"
    },
    "wallet\\91hWiP2prWL._AC_UL320_ (1).jpg": {
        "material_type": "Leather",
        "color": "Green",
        "type_of_wallet": "Bifold Wallet",
        "brand": "BULLCAPTAIN",
        "pattern": "Solid"
    },
    "wallet\\81Wkihx7iOL._AC_UL320_.jpg": {
        "material_type": "leather",
        "color": "brown",
        "type_of_wallet": "bifold",
        "brand": "Wildhorn",
        "pattern": "solid"
    },
    "wallet\\91Jhwb83X0L._AC_UL320_.jpg": {
        "material_type": "Leather",
        "color": "Blue",
        "type_of_wallet": "Bifold",
        "brand": "Unknown",
        "pattern": "Lion"
    },
    "wallet\\91nomXcCMvL._AC_UL320_ (1).jpg": {
        "material_type": "Leather",
        "color": "Brown",
        "type_of_wallet": "Bifold",
        "brand": "London Wallet",
        "pattern": "Stag"
    },
    "wallet\\91QJVYrdLrL._AC_UL320_ (1).jpg": {
        "material_type": "Leather",
        "color": "Brown",
        "type_of_wallet": "Bifold Wallet",
        "brand": "Storite",
        "pattern": "Solid"
    },
    "wallet\\91QJVYrdLrL._AC_UL320_.jpg": {
        "material_type": "Leather",
        "color": "Brown",
        "type_of_wallet": "Bifold",
        "brand": "Storite",
        "pattern": "Solid"
    },
    "wallet\\81S4AK8JtmL._AC_UL320_.jpg": {
        "material_type": "Leather",
        "color": "Blue",
        "type_of_wallet": "Bifold",
        "brand": "Hornbull",
        "pattern": "Solid with stripe"
    },
    "wallet\\91uo7ZQiCeL._AC_UL320_.jpg": {
        "material_type": "Leather",
        "color": "Beige and Maroon",
        "type_of_wallet": "Clutch Wallet",
        "brand": "Urban Forest",
        "pattern": "Solid"
    },
    "wallet\\91S1eoRwvIL._AC_UL320_.jpg": {
        "material_type": "Leather",
        "color": "Pink",
        "type_of_wallet": "Bi-fold wallet",
        "brand": "Urban Forest",
        "pattern": "Solid"
    },
    "wallet\\91hWiP2prWL._AC_UL320_.jpg": {
        "material_type": "Leather",
        "color": "Green",
        "type_of_wallet": "Bifold Wallet",
        "brand": "BULLCAPTAIN",
        "pattern": "Solid"
    },
    "wallet\\911J+0AjxKL._AC_UL320_.jpg": {
        "material_type": "Leather",
        "color": "Dark Brown",
        "type_of_wallet": "Bifold Wallet",
        "brand": "Unbranded",
        "pattern": "Embossed Lion"
    },
    "wallet\\91J4R+s4DNL._AC_UL320_.jpg": {
        "material_type": "Leather",
        "color": "Navy Blue",
        "type_of_wallet": "Bifold",
        "brand": "Bellroy",
        "pattern": "Solid"
    },
    "wallet\\91Xmm2dbm4L._AC_UL320_.jpg": {
        "material_type": "Leather",
        "color": "Tan",
        "type_of_wallet": "Bi-fold",
        "brand": "Unknown",
        "pattern": "Eagle"
    },
    "wallet\\91yRRAPR7-L._AC_UL320_.jpg": {
        "material_type": "Leather",
        "color": "Brown",
        "type_of_wallet": "Bifold",
        "brand": "WildHorn",
        "pattern": "Solid"
    },
    "wallet\\91W-+EINE4L._AC_UL320_ (1).jpg": {
        "material_type": "leather",
        "color": "black",
        "type_of_wallet": "bifold",
        "brand": "WildHorn",
        "pattern": "solid"
    },
    "wallet\\91vbVr5AhCL._AC_UL320_.jpg": {
        "material_type": "leather",
        "color": "green",
        "type_of_wallet": "bifold wallet with card holder",
        "brand": "unbranded",
        "pattern": "solid pebbled texture"
    },
    "wallet\\911V2MX03HL._AC_UL320_.jpg": {
        "material_type": "Polyester",
        "color": "Blue",
        "type_of_wallet": "Travel Wallet",
        "brand": "Storite",
        "pattern": "Solid"
    },
    "wallet\\91nomXcCMvL._AC_UL320_.jpg": {
        "material_type": "Leather",
        "color": "Brown",
        "type_of_wallet": "Bifold",
        "brand": "London Wallet",
        "pattern": "Stag head"
    },
    "wallet\\91W-+EINE4L._AC_UL320_.jpg": {
        "material_type": "leather",
        "color": "black and brown",
        "type_of_wallet": "bifold",
        "brand": "Vantier",
        "pattern": "solid"
    },
    "wallet\\91lD2ajC4bL._AC_UL320_.jpg": {
        "material_type": "Leather",
        "color": "Red",
        "type_of_wallet": "Bifold",
        "brand": "WildHorn",
        "pattern": "Pebbled"
    }
}